{
  "accuracy": 0.6666666666666666,
  "f1": 0.6666666666666666
}